<?xml-stylesheet type="text/xsl" href="configuration.xsl"?>
<configuration>
    <property>
        <name>javax.jdo.option.ConnectionUserName</name>
        <value>root</value>
    </property>
    <property>
        <name>javax.jdo.option.ConnectionPassword</name>
        <value>123456</value>
    </property>
    <property>
        <name>javax.jdo.option.ConnectionURL</name>
        <value>jdbc:mysql://node3:3306/hive?createDatabaseIfNotExist=true&amp;useSSL=false</value>
    </property>
    <property>
        <name>javax.jdo.option.ConnectionDriverName</name>
        <value>com.mysql.jdbc.Driver</value>
    </property>
    <property>
        <name>hive.metastore.schema.verification</name>
        <value>false</value>
    </property>
    <property>
        <name>datanucleus.schema.autoCreateAll</name>
        <value>true</value>
    </property>
    <property>
        <name>hive.server2.thrift.bind.host</name>
        <value>node3</value>
    </property>
    <property>
        <name>hive.metastore.uris</name>
        <value>thrift://node3:9083</value>
    </property>
</configuration>